Name,Enhancer Sequence,Tissue Specificity,Expression Level (0-5) Endogenous,Expression Level (0-5) Ectopic,Key 
RS Otx-a 1,TGTCGCATGGAGAACACTATCACTGCAGGAAGGCATGAGCGGGGAACGTACTCCCTATCGTCGATACTG,No expression,0.0,0.0,Weak b. lineage (lightest blue)
RS Otx-a 2,GTATGCACTACTATCGCTATCTACGCCGGAAGTACGACGCCCGGAAGGGATTCATTATCTAGGATACTA,Correct expression,5.0,1.0,"Correct, anterior endoderm (orange)"
RS Otx-a 3,AGATATCAGCGATATACGACTATTTCCGCTGTGATCACTTCCCGTCGCGATAGTTTGGGTAGGCCTATA,Weak b. lineage ,1.0,0.0,"Correct, tail epidermis (purple)"
RS Otx-a 4,TTTCATGTTTTGGATGTTATCTGTTACGGAACCCAGGGAGAGGGAAAGATCCCCTTATCAAAGATAAAT,Weak b. lineage,1.0,0.0,
RS Otx-a 5,ATTTTTAGGGGCTACAATATCCCCACCGGAAGTGCCTGCGCCGGAAATTAGACTATATCCAAGATATCC,"Correct, anterior endoderm, notochord",1.0,5.0,Score of 0 = no expression
RS Otx-a 6,GTCGGTGCCACTTCCGGTATCCGGCCTGGAACTTGGCACAGCGGAACGTCCAAGGTATCCGCGATAGTC,"Correct, notochord, mesenchyme, tail muscle, endoderm",3.0,5.0,Score of 1 = weak expression
RS Otx-a 7,GATAGTAGTAGTGACTCTATCGCCGCTGGAAGGATCGCCCCCGGAACCCGATGCTTATCTTAGATAGGT,"Correct, tail epidermis",5.0,5.0,Score of 3 = WT like expression
RS Otx-a 8,CCTGTGTTAGAGCGCACTATCGAGGTTGGAACCAATCTATTCGGAAGGCTCTAAGTATCGAAGATAGGC,"Correct, tail epidermis",3.0,5.0,Score of 5 = strong expression
RS Otx-a 9,ACATTGCCAACGGTCGTTATCTGTTGCGGAAGTATCGAGCGGGGAACAGTAGGCCTATCACCGATAAAC,Correct expression,3.0,0.0,
RS Otx-a 10 ,CAGTGATGTTCCCGTGATATCATCATGGGAAGCATAGTCTCCGGAAGGTGCTTGTTATCCAAGATAAGC,Weak/no expression,1.0,0.0,
RS Otx-a 11,ATGCGCCCGTGGGCCAGTATCACGTGCGGAACATGCTTCGGTGGAAGCTTCCGGGTATCTGGGATACAA,No expression,0.0,0.0,
RS Otx-a 12,CGGATATCCTCGGCTAATATCGTTCGCGGAAGACCCGCATTAGGAACAATTAGCTTATCTCCGATATTC,"Correct, notochord, mesenchyme, anterior endoderm, posterior brain",5.0,5.0,
RS Otx-a 13,ACCGTCTCAATACGTATTATCGTCTCGGGAACGACCCTATGAGGAAGCGTCCTGCTATCCCTGATAGAT,No expression,0.0,0.0,
RS Otx-a 14,CGCGCTATCTGGTGACTTATCGTCATGGGAAGTCCACGATTGGGAATGACGGACTTATCGACGATACGC,Weak b. lineage,1.0,0.0,
RS Otx-a 15,CGCGAGGCAATTCCTATTATCGTGAATGGAATCATGCTGCTGGGAACAATGTGATTATCAGTGATACGT,"Correct, notochord, posterior brain, tail epidermis",3.0,3.0,
RS Otx-a 16,TGCGTCAGCCCCTCGCGTATCGAAGTCGGAACTTCTCTGTGAGGAAGCTACTCACTATCCCGGATACGC,No expression,0.0,0.0,
RS Otx-a 17,TGTGTTGATTGGCGTCTTATCGCCGGGGGAAGTGACCAGGCCGGAAGTAACGAGATATCGGCGATAACA,"Correct, notochord, mesenchyme, posterior brain",5.0,3.0,
RS Otx-a 18,CTGACAGTTAAACGATATATCTTATGGGGAAGGCAGCTCCGGGAACAGCGGCTATATCTCTGATAACG,No expression,0.0,0.0,
RS Otx-a 19,TGCGGGTTTTCGAGGGCTATCGCGGACGGAAGTGTTATCTACGGAAATGAAGCTGTATCAGGGATAACG,Correct expression,4.0,0.0,
RS Otx-a 20,GTGTACGGCACTTAGCTTATCGGCACCGGAAATAGTTTGAGGGGAAGCGCACTTTTATCGGAGATACCA,Correct expression,3.0,0.0,
RS Otx-a 21,CTTGACGGCGCCTAGCTTATCTGTCCAGGAAGATTGGCGCGAGGAACACCCCTTTTATCAGCGATAACG,"Correct, tail epidermis",3.0,2.0,
RS Otx-a 22,ATAAGCAGGGGTTTCGTTATCTATAGCGGAATAAGGGTCCACGGAATCAGCACTATATCTGGGATAATG,No expression,0.0,0.0,
RS Otx-a 23,GTTCGCCGTCTTGGTGGTATCGAGCCTGGAAACACCCCTAGGGGAACCGTGTGTCTATCTATGATACCC,Weak/no expression,1.0,0.0,
RS Otx-a 24,CTGATGGGGCATCGGCATATCCATGAAGGAACGGAATCTTGAGGAAGCGGCTAGCTATCCCTGATAATG,No expression,0.0,0.0,
RS Otx-a 25,CTGAGATCCCTTGTACGTATCGGTCGAGGAATCTGGCCCAAAGGACGTTTTGCGGTATCATTGATAGTA,No expression,0.0,0.0,
RS Otx-a 26,ATGCGCCCGTGGGCCAGTATCACGTGCGGAACATGCTTCGGTGGAAGCTTCCGGGTATCTGGGATACAA,No expression,0.0,0.0,
RS Otx-a 27,TGTTGCAGCGAGAGGTTTATCGGGGTTGGTACTTCGAACCCTGGGACAGAAGATCTATCGCTGATAAGG,No expression,0.0,0.0,
RS Otx-a 28,CTGGTGACAGGGTGCCATATCTGGGCAGGAAGTTGATCGGCTGGAACGTAGCGCTTATCTGTGATATCC,"Correct, notochord, endoderm, mesenchyme",5.0,4.0,
RS Otx-a 29,GTATGGGGGACTCCCGATATCTCAACGGGAAATTCCCACGCAGGAAGGCAAACCGTATCTGCGATAGAA,Weak/no expression,1.0,0.0,
RS Otx-a 30,ATTCGTACTAAATCCCATATCCGGACGGGAATAGCACATCCTGGAAAAAAGGGTGTATCAGTGATACAC,Weak/no expression,1.0,0.0,
RS Otx-a 31,GCTCTCCGGATAACCGATATCAACAGTGGAAGATGTGGGGGCGGAACCGGTTGTCTATCTGTGATAGAT,Weak/no expression,1.0,0.0,
RS Otx-a 32,AACTATCGAGGATACTCTATGTCTTCCGCTTTCACAAGTTCCGCTGTGGATAAGGTTGCCTTCGTCCGA,Weak b. lineage ,1.0,0.0,
RS Otx-a 33,ACATATCTACGATACGCCACTTTTTCCCGTGCCCACGTTTCCCGCTGTGATATTTCTACTGATATTTAC,Weak/no expression,1.0,0.0,
RS Otx-a 34,CTTTATCGAAGATATGCATGAATTTCCGCTGTGTATGGTTCCGCCGACGATAACGCCCAAATATGTTCG,Weak/no expression,0.0,1.0,
RS Otx-a 35,CCCGCTGTGATCCGATGTATCAGCCAGGGAACGAGTGAGGTAGGGAAACCCAAAGTTATCAATGATAGGA,No expression,0.0,0.0,
RS Otx-a 36,TTAGTTCGCCATGTTATTATCCGCTGTGGAAGACGCGTCCGGGGAACACAGGCTTTATCAACGATAGGA,No expression,0.0,0.0,
RS Otx-a 37,GGGCCCATCGTGTTTACTATCCCGCTTGGAACACAGCGGCCTGGAATCCACTGAATATCGAGGAATACA,No expression,0.0,0.0,
RS Otx-a 38,CCTTTACCGCTGTGACTTATCGGGTACGGAAATAGGTTAGGTGGAAGCTCTCTCGTATCACAGATACTA,No expression,0.0,0.0,
